{
  "lr-Adam": 0.0005000000237487257,
  "train_loss": 2.3932137489318848,
  "train_loss_step": 2.0954947471618652,
  "val_loss": 2.035681962966919,
  "val_accuracy": 0.6140000224113464,
  "train_loss_epoch": 2.3932137489318848,
  "train_accuracy": 0.54104083776474,
  "epoch": 0,
  "global_step": 383
}